,,am,
,,0,1
vs,0,15.05,19.75
,1,20.7428571428571,28.3714285714286
