"mean","CILower","CIUpper","pvalue"
20.090625,17.9176785087462,22.2635714912538,0.0103300942853636
