"factor","levelA","levelB","ci.low","ci.up","pValue"
"supp","OJ","VC",-5.67976179539458,-1.72023820460542,0.000429
"dose","0.5","1",6.21590871704076,12.0440912829592,1.32e-09
"dose","0.5","2",12.5809087170408,18.4090912829592,7.31e-12
"dose","1","2",3.45090871704076,9.27909128295924,6.98e-06
