,Sepal.Length,Sepal.Width,Petal.Length,Petal.Width
Sepal.Length,1,-0.117569784133002,0.871753775886583,0.817941126271575
Sepal.Width,-0.117569784133002,1,-0.42844010433054,-0.366125932536439
Petal.Length,0.871753775886583,-0.42844010433054,1,0.962865431402796
Petal.Width,0.817941126271575,-0.366125932536439,0.962865431402796,1
