"","statistics","CILower","CIUpper","pvalue"
"Student_t",-4.86438495612278,-11.2742205302027,-4.60673185074964,3.41593725441995e-05
"Welch_t",-4.66705273025142,-11.4625078048593,-4.41844457609307,0.000109836801123659
"Wilcoxon",22.5,NA,NA,9.03447170005321e-05
